policy,benchmark,working_set_kb,l2_size,l2_assoc,misses,accesses,insts,mpki,miss_rate,sim_seconds
BRRIP,chase,128,32768,8,231,1481680,3709899,0.0623,0.000156,0.008402
BRRIP,chase,256,32768,8,216,1509485,3779160,0.0572,0.000143,0.008559
BRRIP,chase,512,32768,8,216,1565196,3918437,0.0551,0.000138,0.008875
BRRIP,chase,768,32768,8,216,1620902,4057829,0.0532,0.000133,0.009190
BRRIP,chase,1024,32768,8,278,1676615,4197111,0.0662,0.000166,0.009509
BRRIP,chase,1152,32768,8,431523,1704483,4266732,101.1367,0.253169,0.038691
BRRIP,chase,1280,32768,8,689826,1732336,4336427,159.077,0.398206,0.056587
BRRIP,chase,1408,32768,8,944059,1760189,4405996,214.2669,0.53634,0.074163
BRRIP,chase,1536,32768,8,1201055,1788042,4475628,268.3545,0.671715,0.091881
BRRIP,chase,1664,32768,8,1444582,1815895,4545387,317.8128,0.795521,0.108888
BRRIP,chase,1792,32768,8,1665215,1843747,4615019,360.8252,0.903169,0.124202
BRRIP,chase,2048,32768,8,1869627,1899453,4754219,393.2564,0.984298,0.138903
BRRIP,chase,2304,32768,8,1951937,1955159,4893483,398.885,0.998352,0.145181
BRRIP,chase,2560,32768,8,2009863,2010864,5032747,399.3571,0.999502,0.149730
BRRIP,chase,2816,32768,8,2066164,2066570,5172075,399.4845,0.999804,0.154182
BRRIP,chase,3072,32768,8,2122051,2122275,5311275,399.537,0.999894,0.158584
BRRIP,chase,4096,32768,8,2345096,2345098,5868395,399.6145,0.999999,0.175803
BRRIP,chase,8192,32768,8,3055623,3055624,8096683,377.392,1.0,0.230620
BRRIP,chase,16384,32768,8,3294145,3390624,12553278,262.4131,0.971545,0.252216
LRU,chase,128,32768,8,231,1481680,3709899,0.0623,0.000156,0.008402
LRU,chase,256,32768,8,216,1509485,3779160,0.0572,0.000143,0.008559
LRU,chase,512,32768,8,216,1565196,3918437,0.0551,0.000138,0.008875
LRU,chase,768,32768,8,216,1620902,4057829,0.0532,0.000133,0.009190
LRU,chase,1024,32768,8,278,1676615,4197111,0.0662,0.000166,0.009512
LRU,chase,1152,32768,8,1704481,1704483,4266732,399.4816,0.999999,0.124563
LRU,chase,1280,32768,8,1732334,1732336,4336427,399.4842,0.999999,0.127194
LRU,chase,1408,32768,8,1760187,1760189,4405996,399.4981,0.999999,0.129583
LRU,chase,1536,32768,8,1788040,1788042,4475628,399.5059,0.999999,0.131848
LRU,chase,1664,32768,8,1815894,1815895,4545387,399.5026,0.999999,0.134226
LRU,chase,1792,32768,8,1843746,1843747,4615019,399.5099,0.999999,0.136441
LRU,chase,2048,32768,8,1899451,1899453,4754219,399.5296,0.999999,0.140968
LRU,chase,2304,32768,8,1955157,1955159,4893483,399.543,0.999999,0.145362
LRU,chase,2560,32768,8,2010862,2010864,5032747,399.5556,0.999999,0.149835
LRU,chase,2816,32768,8,2066569,2066570,5172075,399.5628,1.0,0.154272
LRU,chase,3072,32768,8,2122273,2122275,5311275,399.5788,0.999999,0.158590
LRU,chase,4096,32768,8,2345097,2345098,5868395,399.6147,1.0,0.175803
LRU,chase,8192,32768,8,3055623,3055624,8096683,377.392,1.0,0.230713
LRU,chase,16384,32768,8,3294334,3390624,12553278,262.4282,0.971601,0.252489
SRRIP,chase,128,32768,8,231,1481680,3709899,0.0623,0.000156,0.008402
SRRIP,chase,256,32768,8,216,1509485,3779160,0.0572,0.000143,0.008559
SRRIP,chase,512,32768,8,216,1565196,3918437,0.0551,0.000138,0.008875
SRRIP,chase,768,32768,8,216,1620902,4057829,0.0532,0.000133,0.009190
SRRIP,chase,1024,32768,8,278,1676615,4197111,0.0662,0.000166,0.009511
SRRIP,chase,1152,32768,8,1338382,1704483,4266732,313.6785,0.785213,0.099994
SRRIP,chase,1280,32768,8,1614091,1732336,4336427,372.2168,0.931742,0.119165
SRRIP,chase,1408,32768,8,1678990,1760189,4405996,381.0693,0.953869,0.124110
SRRIP,chase,1536,32768,8,1763863,1788042,4475628,394.104,0.986477,0.130214
SRRIP,chase,1664,32768,8,1788242,1815895,4545387,393.4191,0.984772,0.132331
SRRIP,chase,1792,32768,8,1823607,1843747,4615019,395.1462,0.989077,0.135076
SRRIP,chase,2048,32768,8,1898110,1899453,4754219,399.2475,0.999293,0.140883
SRRIP,chase,2304,32768,8,1955157,1955159,4893483,399.543,0.999999,0.145362
SRRIP,chase,2560,32768,8,2010862,2010864,5032747,399.5556,0.999999,0.149835
SRRIP,chase,2816,32768,8,2066569,2066570,5172075,399.5628,1.0,0.154272
SRRIP,chase,3072,32768,8,2122273,2122275,5311275,399.5788,0.999999,0.158590
SRRIP,chase,4096,32768,8,2345097,2345098,5868395,399.6147,1.0,0.175803
SRRIP,chase,8192,32768,8,3055623,3055624,8096683,377.392,1.0,0.230668
SRRIP,chase,16384,32768,8,3295248,3390624,12553278,262.501,0.971871,0.252543
BRRIP,mixed,64,32768,8,374581,409323,2490966,150.3758,0.915123,0.001675
BRRIP,mixed,128,32768,8,391208,456629,2743088,142.6159,0.856731,0.001850
BRRIP,mixed,256,32768,8,426278,551098,3246769,131.293,0.773507,0.002199
BRRIP,mixed,512,32768,8,37176,59121,254426,146.1171,0.628812,0.002136
LRU,mixed,64,32768,8,373688,409323,2490966,150.0173,0.912942,0.001675
LRU,mixed,128,32768,8,385214,456629,2743088,140.4308,0.843604,0.001850
LRU,mixed,256,32768,8,408246,551098,3246769,125.7392,0.740787,0.002199
LRU,mixed,512,32768,8,33081,59121,254426,130.0221,0.559547,0.001874
SRRIP,mixed,64,32768,8,373734,409323,2490966,150.0358,0.913054,0.001675
SRRIP,mixed,128,32768,8,385560,456629,2743088,140.5569,0.844362,0.001850
SRRIP,mixed,256,32768,8,409160,551098,3246769,126.0207,0.742445,0.002199
SRRIP,mixed,512,32768,8,33638,59121,254426,132.2113,0.568969,0.001911
BRRIP,stream,4096,32768,8,999741,999742,4003464,249.719,0.999999,0.051555
LRU,stream,4096,32768,8,999741,999742,4003464,249.719,0.999999,0.051555
SRRIP,stream,4096,32768,8,999741,999742,4003464,249.719,0.999999,0.051555
